{"cameraMode":{"drawMode":0,"name":"Shaded","section":"Shading Mode"},"sceneLighting":true,"audioPlay":false,"sceneViewState":{"m_AlwaysRefresh":false,"showFog":true,"showSkybox":true,"showFlares":true,"showImageEffects":true,"showParticleSystems":true,"showVisualEffectGraphs":true,"m_FxEnabled":true},"in2DMode":false,"pivot":{"x":0.27736896276474,"y":0.8176528215408325,"z":5.194734573364258},"rotation":{"x":-0.016803141683340074,"y":-0.026396073400974275,"z":0.00044350133975967765,"w":-0.9995093941688538},"size":6.073430061340332,"orthographic":true}